{"cameraMode":{"drawMode":0,"name":"Shaded","section":"Shading Mode"},"sceneLighting":true,"audioPlay":false,"sceneViewState":{"m_AlwaysRefresh":false,"showFog":true,"showSkybox":true,"showFlares":true,"showImageEffects":true,"showParticleSystems":true,"showVisualEffectGraphs":true,"m_FxEnabled":true},"in2DMode":false,"pivot":{"x":328.2632751464844,"y":230.64016723632813,"z":126.12749481201172},"rotation":{"x":0.021606694906949998,"y":-0.0048206825740635399,"z":0.00003201103754690848,"w":0.9996733665466309},"size":272.9762268066406,"orthographic":false}