{"cameraMode":{"drawMode":0,"name":"Shaded","section":"Shading Mode"},"sceneLighting":true,"audioPlay":false,"sceneViewState":{"m_AlwaysRefresh":false,"showFog":true,"showSkybox":true,"showFlares":true,"showImageEffects":true,"showParticleSystems":true,"showVisualEffectGraphs":true,"m_FxEnabled":true},"in2DMode":false,"pivot":{"x":379.89208984375,"y":259.1125793457031,"z":-420.4809265136719},"rotation":{"x":0.05307754874229431,"y":-0.012305310927331448,"z":0.0005846873973496258,"w":0.9984325766563416},"size":1.381485104560852,"orthographic":false}