{"cameraMode":{"drawMode":0,"name":"Shaded","section":"Shading Mode"},"sceneLighting":true,"audioPlay":false,"sceneViewState":{"m_AlwaysRefresh":false,"showFog":true,"showSkybox":true,"showFlares":true,"showImageEffects":true,"showParticleSystems":true,"showVisualEffectGraphs":true,"m_FxEnabled":true},"in2DMode":false,"pivot":{"x":310.9927978515625,"y":313.8178405761719,"z":-282.40240478515627},"rotation":{"x":-0.1470607966184616,"y":0.013066756539046765,"z":-0.0019438386661931873,"w":-0.9890311360359192},"size":41.34263610839844,"orthographic":false}